headerGIGABYTE,GIGABYTE GeForce GTX 1060 DirectX 12 GV-N1060G1 GAMING-6GD REV 2.0 6GB 192-Bit GDDR5 PCI Express 3.0 x16 ATX Video Card,$4.99 Shipping
EVGA,EVGA GeForce GTX 1060 GAMING| ACX 2.0 (Single Fan)| 06G-P4-6161-KR| 6GB GDDR5| DX12 OSD Support (PXOC)| Only 6.8 Inches,$4.99 Shipping
ASUS,ASUS Radeon RX 580 O4G Dual-fan OC Edition GDDR5 DP HDMI DVI VR Ready AMD Graphics Card (DUAL-RX580-O4G),$4.99 Shipping
PNY Technologies| Inc.,PNY GeForce GTX 1060 DirectX 12 VCGGTX10603PB 3GB 192-Bit GDDR5 PCI Express 3.0 x16 Video Card,$4.99 Shipping
Sapphire Tech,Sapphire Radeon PULSE RX 570 8GB GDDR5 PCI-E Dual HDMI / DVI-D / Dual DP OC w/ Backplate (UEFI),$4.99 Shipping
MSI,MSI Radeon RX 580 DirectX 12 RX 580 ARMOR 8G OC 8GB 256-Bit GDDR5 PCI Express x16 HDCP Ready CrossFireX Support Video Card,$4.99 Shipping
EVGA,EVGA GeForce GTX 1070 SC GAMING ACX 3.0 Black Edition| 08G-P4-5173-KR| 8GB GDDR5| LED| DX12 OSD Support (PXOC),$4.99 Shipping
MSI,MSI GeForce GTX 1080 DirectX 12 GTX 1080 ARMOR 8G OC 8GB 256-Bit GDDR5X PCI Express 3.0 x16 HDCP Ready SLI Support ATX Video Card,$4.99 Shipping
GIGABYTE,GIGABYTE GeForce GTX 1060 DirectX 12 GV-N1060WF2OC-6GD 6GB 192-Bit GDDR5 PCI Express 3.0 x16 ATX Video Card,$4.99 Shipping
ASUS,ASUS ROG GeForce GTX 1060 STRIX-GTX1060-O6G-GAMING 6GB 192-Bit GDDR5 PCI Express 3.0 HDCP Ready Video Card,$4.99 Shipping
GIGABYTE,GIGABYTE GeForce GTX 1080 G1 Gaming GV-N1080G1 GAMING-8GD Video Card,$4.99 Shipping
PNY Technologies| Inc.,PNY GeForce GTX 1080 DirectX 12 VCGGTX10808XGPB-OC 8GB 256-Bit GDDR5X PCI Express 3.0 x16 SLI Support XLR8 Gaming OC Edition Video Card,$4.99 Shipping
GIGABYTE,GIGABYTE GeForce GTX 1080 DirectX 12 GV-N1080IX-8GD 8GB 256-Bit GDDR5X PCI Express 3.0 x16 SLI Support ATX Video Card,$4.99 Shipping
PNY Technologies| Inc.,PNY GeForce GTX 1080 DirectX 12 VCGGTX10808XGPB-OC2 8GB 256-Bit GDDR5X PCI Express 3.0 x16 Video Card,$4.99 Shipping
PNY Technologies| Inc.,PNY GeForce GTX 1060 DirectX 12 VCGGTX10606PB 6GB 192-Bit GDDR5 PCI Express 3.0 x16 Video Card,$4.99 Shipping
GIGABYTE,GIGABYTE Radeon RX 580 DirectX 12 GV-RX580GAMING-8GD 8GB 256-Bit GDDR5 PCI Express 3.0 x16 ATX Video Card,$4.99 Shipping
EVGA,EVGA GeForce GTX 1080 FTW GAMING ACX 3.0| 08G-P4-6286-KR| 8GB GDDR5X| RGB LED| 10CM FAN| 10 Power Phases| Double BIOS| DX12 OSD Support (PXOC),$4.99 Shipping
GIGABYTE,GIGABYTE AORUS GeForce GTX 1060 6G REV 2.0| GV-N1060AORUS-6GD R2,$4.99 Shipping
MSI,MSI GeForce GTX 1070 Ti DirectX 12 GTX 1070 Ti DUKE 8G 8GB 256-Bit GDDR5 PCI Express 3.0 x16 HDCP Ready SLI Support Video Card,$4.99 Shipping
GIGABYTE,GIGABYTE GeForce GTX 1060 DirectX 12 GV-N1060D5-6GD REV2 6GB 192-Bit GDDR5 PCI Express 3.0 x16 ATX Video Card,$4.99 Shipping
EVGA,EVGA GeForce GTX 1060 SC GAMING| ACX 2.0 (Single Fan)| 06G-P4-6163-KR| 6GB GDDR5| DX12 OSD Support (PXOC)| Only 6.8 Inches,$4.99 Shipping
MSI,MSI GeForce GTX 1060 DirectX 12 GTX 1060 6G OCV1 6GB 192-Bit GDDR5 PCI Express 3.0 x16 HDCP Ready ATX Video Card,$4.99 Shipping
GIGABYTE,GIGABYTE GeForce GTX 1070 Ti DirectX 12 GV-N107TWF2-8GD 8GB 256-Bit GDDR5 PCI Express 3.0 x16 ATX Video Card,$4.99 Shipping
GIGABYTE,GIGABYTE AORUS Radeon RX 580 DirectX 12 GV-RX580AORUS-4GD 4GB 256-Bit GDDR5 PCI Express 3.0 x16 ATX Video Card,$4.99 Shipping
ASUS,ASUS ROG GeForce GTX 1070 STRIX-GTX1070-O8G-GAMING 8GB 256-Bit GDDR5 PCI Express 3.0 HDCP Ready Video Card with RGB Lighting,$4.99 Shipping
Sapphire Tech,Sapphire Radeon NITRO+ RX 580 8GB GDDR5 PCI-E Dual HDMI / DVI-D / Dual DP w/ Backplate SPECIAL EDITION (UEFI)| 100411NT+8GSEL,$4.99 Shipping
MSI,MSI GeForce GTX 1080 DirectX 12 GeForce GTX 1080 DUKE 8G 8GB 256-Bit GDDR5X PCI Express 3.0 x16 SLI Support Video Card,$4.99 Shipping
ASUS,ASUS ROG Strix Radeon RX 570 O4G Gaming OC Edition GDDR5 DP HDMI DVI VR Ready AMD Graphics Card (ROG-STRIX-RX570-O4G-GAMING),Free Shipping
GIGABYTE,GIGABYTE Radeon RX 580 DirectX 12 GV-RX580GAMING-4GD 4GB 256-Bit GDDR5 PCI Express 3.0 x16 ATX Video Card,$4.99 Shipping
GIGABYTE,GIGABYTE GeForce GTX 1070 Ti DirectX 12 AORUS 8GB 256-Bit GDDR5 PCI Express 3.0 x16 ATX Video Card,$4.99 Shipping
PowerColor,PowerColor Radeon RX Vega 64 DirectX 12 AXRX VEGA 64 8GBHBM2-2D2H/OC 8GB 2048-Bit HBM2 PCI Express 3.0 CrossFireX Support ATX Video Card,$4.99 Shipping
GIGABYTE,GIGABYTE AORUS Radeon RX 580 DirectX 12 GV-RX580AORUS-8GD 8GB 256-Bit GDDR5 PCI Express 3.0 x16 CrossFireX Support ATX Video Card,$4.99 Shipping
MSI,MSI Radeon RX 580 DirectX 12 RX 580 ARMOR MK2 8G OC 8GB 256-Bit GDDR5 PCI Express x16 HDCP Ready CrossFireX Support Video Card,$4.99 Shipping
PowerColor,PowerColor Radeon RX 550 DirectX 12 AXRX 550 2GBD5-DHA/OC 2GB 128-Bit GDDR5 PCI Express 3.0 CrossFireX Support ATX Video Card,$3.99 Shipping
PowerColor,PowerColor RED DRAGON Radeon RX 570 DirectX 12 AXRX 570 4GBD5-3DHD/OC 4GB 256-Bit GDDR5 PCI Express 3.0 CrossFireX Support ATX Video Card,$4.99 Shipping
GIGABYTE,GIGABYTE GeForce GTX 1060 DirectX 12 GV-N1060G1 GAMING-3GD 2.0 3GB 192-Bit GDDR5 PCI Express 3.0 x16 ATX Video Card,$4.99 Shipping
